{
    "type": "datasource",
    "name": "Zabbix",
    "id": "alexanderzobnin-zabbix-datasource",
    "metrics": true,
    "annotations": true,
    "backend": true,
    "alerting": true,
    "executable": "gpx_zabbix-datasource",
    "includes": [
        {
            "type": "dashboard",
            "name": "Zabbix System Status",
            "path": "dashboards/zabbix_system_status.json"
        },
        {
            "type": "dashboard",
            "name": "Zabbix Template Linux Server",
            "path": "dashboards/template_linux_server.json"
        },
        {
            "type": "dashboard",
            "name": "Zabbix Server Dashboard",
            "path": "dashboards/zabbix_server_dashboard.json"
        }
    ],
    "queryOptions": {
        "maxDataPoints": true
    },
    "info": {
        "author": {
            "name": "Grafana Labs",
            "url": "https://grafana.com"
        },
        "logos": {
            "small": "img/icn-zabbix-datasource.svg",
            "large": "img/icn-zabbix-datasource.svg"
        }
    },
    "buildMode": "production"
}